Customer,Tax ID,Billing State,Terms
Marin Harbor Analytics LLC (TEST),99-0000301,CA,Net 30
Oakline Advisory Inc (TEST),99-0000302,CA,Net 15
Redwood Field Services LLC (TEST),99-0000303,CA,Due on receipt
Brookline Freight LLC (TEST),99-0000304,NY,Net 30
Ember Street Retail Inc (TEST),99-0000305,California,Net 30
Silvergate Design Studio LLC (TEST),99-0000306,CA,Net 30
Granite Ridge Partners (TEST),99-0000307,CA,Net 15
Hillcrest Bakery Group LLC (TEST),99-0000308,CA,Net 30
Ivy Dental Management PC (TEST),99-0000309,NY,Net 30
Framehouse Films Inc (TEST),99-0000310,CA,Net 15
Juniper Coffee Roasters LLC (TEST),99-0000311,NY,Net 30
Lumen House Studios Inc (TEST),99-0000312,NY,Net 30
Meridian Bay Advisors (TEST),99-0000313,CA,Net 15
Pacific Home Repair LLC (TEST),99-0000314,CA,Net 30
Orbit Works Robotics Inc (TEST),99-0000315,New York,Net 30
Park Slope Design LLC (TEST),99-0000316,NY,Net 30
Queens Auto Collective LLC (TEST),99-0000317,NY,Net 30
Relay Grid Systems Inc (TEST),99-0000318,CA,Net 30
Northpoint Media Lab LLC (TEST),,NY,Net 30
Tideway Marine Services Inc (TEST),99-0000320,NY,Net 30
